{"train/loss": 0.3924, "train/grad_norm": 0.5182531336692728, "train/learning_rate": 2.95178430365084e-11, "train/epoch": 15.0, "train/global_step": 741255, "_timestamp": 1742369182.9576404, "_runtime": 27031.84663438797, "_step": 2223, "eval/valid_loss": 0.4013155698776245, "eval/valid_runtime": 0.0373, "eval/valid_samples_per_second": 2814.214, "eval/valid_steps_per_second": 53.604, "train_runtime": 26312.0268, "train_samples_per_second": 1690.283, "train_steps_per_second": 28.172, "total_flos": 9.224780629629993e+17, "train_loss": 0.4324650477773146, "_wandb": {"runtime": 27031}}