{"train/loss": 0.2986, "train/grad_norm": 0.17504978296054072, "train/learning_rate": 3.282409946969711e-09, "train/epoch": 5.0, "train/global_step": 116410, "_timestamp": 1738144627.6810274, "_runtime": 20016.83251142502, "_step": 348, "eval/valid_loss": 0.2961718738079071, "eval/valid_runtime": 0.0764, "eval/valid_samples_per_second": 1308.973, "eval/valid_steps_per_second": 13.09, "train_runtime": 20000.5626, "train_samples_per_second": 744.979, "train_steps_per_second": 5.82, "total_flos": 1.7316708345289114e+18, "train_loss": 0.3754547001170432, "_wandb": {"runtime": 20016}}