{"train/loss": 1.9344, "train/grad_norm": 0.6510846935200324, "train/learning_rate": 1.693877551020408e-05, "train/epoch": 0.08169934640522876, "train/global_step": 100, "_timestamp": 1737386923.0169024, "_runtime": 22.67751145362854, "_step": 10, "eval/valid_loss": 1.8984375, "eval/valid_runtime": 0.4643, "eval/valid_samples_per_second": 598.729, "eval/valid_steps_per_second": 19.383, "_wandb": {"runtime": 22}}