{"train/loss": 0.1019, "train/grad_norm": 0.05834263384295363, "train/learning_rate": 3.669734691125193e-11, "train/epoch": 15.0, "train/global_step": 328125, "_timestamp": 1741127430.674144, "_runtime": 67413.80624604225, "_step": 984, "eval/valid_loss": 0.10280700773000717, "eval/valid_runtime": 0.0887, "eval/valid_samples_per_second": 1127.262, "eval/valid_steps_per_second": 11.273, "train_runtime": 67396.4953, "train_samples_per_second": 623.178, "train_steps_per_second": 4.869, "total_flos": 4.618142613504e+18, "train_loss": 0.12518136928885323, "_wandb": {"runtime": 67413}}