{"train/loss": 0.0918, "train/grad_norm": 0.025833429780693314, "train/learning_rate": 2.1871854596867692e-07, "train/epoch": 4.853639155552692, "train/global_step": 226000, "_timestamp": 1738894895.8587162, "_runtime": 86274.56584525108, "_step": 677, "eval/valid_loss": 0.09434007853269577, "eval/valid_runtime": 0.41, "eval/valid_samples_per_second": 243.906, "eval/valid_steps_per_second": 4.878}