{"train/loss": 1.1152, "train/grad_norm": 8.4375, "train/learning_rate": 1.0000000000000001e-07, "train/epoch": 0.001, "train/global_step": 10, "_timestamp": 1736979272.165317, "_runtime": 319.65159702301025, "_step": 1, "eval/valid_loss": 0.2705777883529663, "eval/valid_runtime": 25.2793, "eval/valid_samples_per_second": 0.633, "eval/valid_steps_per_second": 0.316, "_wandb": {"runtime": 401}}