{"train/loss": 0.0401, "train/grad_norm": 0.021664465999439782, "train/learning_rate": 9.980054156102546e-05, "train/epoch": 0.43531878988090844, "train/global_step": 194500, "_timestamp": 1739427678.8500428, "_runtime": 143838.00338077545, "_step": 582, "eval/valid_loss": 0.04081467539072037, "eval/valid_runtime": 3.4196, "eval/valid_samples_per_second": 108.493, "eval/valid_steps_per_second": 4.679}