{"train/loss": 0.9137, "train/grad_norm": 0.7868735951811815, "train/learning_rate": 7.500000000000001e-05, "train/epoch": 3.836317135549872, "train/global_step": 3000, "_timestamp": 1737428406.0284655, "_runtime": 1284.9449174404144, "_step": 8, "eval/valid_loss": 0.8721874952316284, "eval/valid_runtime": 0.1981, "eval/valid_samples_per_second": 504.86, "eval/valid_steps_per_second": 5.049}