{"train/loss": 0.3562, "train/grad_norm": 0.23438101278976664, "train/learning_rate": 3.669734691125193e-11, "train/epoch": 15.0, "train/global_step": 328125, "_timestamp": 1742380923.1526506, "_runtime": 27542.360563516617, "_step": 984, "eval/valid_loss": 0.36736106872558594, "eval/valid_runtime": 0.036, "eval/valid_samples_per_second": 2779.102, "eval/valid_steps_per_second": 27.791, "train_runtime": 27522.7452, "train_samples_per_second": 1526.011, "train_steps_per_second": 11.922, "total_flos": 4.913894699040768e+18, "train_loss": 0.43285073357282366, "_wandb": {"runtime": 27541}}