{"train/loss": 0.2422, "train/grad_norm": 0.17634809553126188, "train/learning_rate": 2.95178430365084e-11, "train/epoch": 15.0, "train/global_step": 741255, "_timestamp": 1742413672.0681634, "_runtime": 60198.48513150215, "_step": 2223, "eval/valid_loss": 0.2632485628128052, "eval/valid_runtime": 0.0667, "eval/valid_samples_per_second": 1573.297, "eval/valid_steps_per_second": 29.968, "train_runtime": 60175.4565, "train_samples_per_second": 739.085, "train_steps_per_second": 12.318, "total_flos": 1.0406996589234094e+19, "train_loss": 0.2875733224487037, "_wandb": {"runtime": 60197}}