{"train/loss": 2.9725, "train/grad_norm": 3.230163857349529, "train/learning_rate": 7.5e-07, "train/epoch": 0.9803921568627451, "train/global_step": 300, "_timestamp": 1737421172.7818341, "_runtime": 137.06661009788513, "_step": 2}