{"train/loss": 0.2876, "train/grad_norm": 0.07797031781198374, "train/learning_rate": 6.854070600216842e-05, "train/epoch": 5.757142857142857, "train/global_step": 201500, "_timestamp": 1739392621.5762386, "_runtime": 91413.30666565895, "_step": 603, "eval/valid_loss": 0.29402533173561096, "eval/valid_runtime": 0.316, "eval/valid_samples_per_second": 316.48, "eval/valid_steps_per_second": 6.33}