{"train/loss": 0.107, "train/grad_norm": 0.05698016582581798, "train/learning_rate": 4.9229702228324595e-05, "train/epoch": 7.610822608564763, "train/global_step": 404500, "_timestamp": 1741777973.2015512, "_runtime": 143887.71657323837, "_step": 612, "eval/valid_loss": 0.1606302559375763, "eval/valid_runtime": 0.5308, "eval/valid_samples_per_second": 195.913, "eval/valid_steps_per_second": 3.768}