{"train/loss": 0.0272, "train/grad_norm": 0.013685112391554885, "train/learning_rate": 5.717984423865246e-05, "train/epoch": 6.849669594023362, "train/global_step": 397000, "_timestamp": 1739647666.9939513, "_runtime": 143978.5628182888, "_step": 589, "eval/valid_loss": 0.03184962645173073, "eval/valid_runtime": 0.7966, "eval/valid_samples_per_second": 204.614, "eval/valid_steps_per_second": 3.766}