{"train/loss": 0.8673, "train/grad_norm": 2.891642077109657, "train/learning_rate": 1.288888888888889e-08, "train/epoch": 4.0, "train/global_step": 100000, "_timestamp": 1737398585.0993657, "_runtime": 2288.3278317451477, "_step": 10999, "eval/valid_loss": 0.83740234375, "eval/valid_runtime": 0.09, "eval/valid_samples_per_second": 1111.471, "eval/valid_steps_per_second": 277.868, "_wandb": {"runtime": 2288}}