{"train/loss": 0.2864, "train/grad_norm": 0.09165004462208315, "train/learning_rate": 2.759513526323859e-05, "train/epoch": 9.782857142857143, "train/global_step": 214000, "_timestamp": 1739414673.649244, "_runtime": 33274.06722211838, "_step": 641, "eval/valid_loss": 0.29000380635261536, "eval/valid_runtime": 0.0685, "eval/valid_samples_per_second": 1459.828, "eval/valid_steps_per_second": 14.598}