{"train/loss": 1.0953, "train/grad_norm": 8.1875, "train/learning_rate": 1.5128593040847204e-07, "train/epoch": 0.003025260928755105, "train/global_step": 10, "_timestamp": 1736977987.3179326, "_runtime": 287.68983364105225, "_step": 10, "eval/valid_loss": 0.3109419345855713, "eval/valid_runtime": 2.917, "eval/valid_samples_per_second": 9.599, "eval/valid_steps_per_second": 4.799, "_wandb": {"runtime": 290}}