{"train/loss": 0.0798, "train/grad_norm": 0.0822039777645941, "train/learning_rate": 7.099359400007198e-05, "train/epoch": 5.448735644876325, "train/global_step": 789500, "_timestamp": 1739415206.6006129, "_runtime": 110129.88322877884, "_step": 2367, "eval/valid_loss": 0.0699005126953125, "eval/valid_runtime": 0.3914, "eval/valid_samples_per_second": 416.43, "eval/valid_steps_per_second": 17.883}