{"train/loss": 0.1118, "train/grad_norm": 0.13284393636007621, "train/learning_rate": 8.124075708970354e-05, "train/epoch": 1.457938474996355, "train/global_step": 130000, "_timestamp": 1738221841.1386616, "_runtime": 57595.061391592026, "_step": 389, "eval/valid_loss": 0.09777344018220901, "eval/valid_runtime": 0.2045, "eval/valid_samples_per_second": 489.05, "eval/valid_steps_per_second": 4.89}