{"train/loss": 0.4209, "train/grad_norm": 0.5635479893362019, "train/learning_rate": 0.0, "train/epoch": 60.0, "train/global_step": 1312500, "_timestamp": 1742462400.4458895, "_runtime": 47692.1735265255, "_step": 3937, "eval/valid_loss": 0.42390382289886475, "eval/valid_runtime": 0.0206, "eval/valid_samples_per_second": 4853.17, "eval/valid_steps_per_second": 48.532, "train_runtime": 47674.0357, "train_samples_per_second": 3523.931, "train_steps_per_second": 27.531, "total_flos": 1.742274035712e+18, "train_loss": 0.45160172626023065, "_wandb": {"runtime": 47691}}