{"train/loss": 0.2817, "train/grad_norm": 0.06103880050422875, "train/learning_rate": 6.840062101483577e-05, "train/epoch": 5.771428571428571, "train/global_step": 202000, "_timestamp": 1739392631.5717561, "_runtime": 91420.42262411118, "_step": 605, "eval/valid_loss": 0.2879846692085266, "eval/valid_runtime": 0.316, "eval/valid_samples_per_second": 316.413, "eval/valid_steps_per_second": 6.328}