{"train/loss": 1.0225, "train/grad_norm": 8.3125, "train/learning_rate": 1.5128593040847204e-07, "train/epoch": 0.00605052185751021, "train/global_step": 20, "_timestamp": 1736979997.7194486, "_runtime": 396.3403835296631, "_step": 3, "eval/valid_loss": 0.31075868010520935, "eval/valid_runtime": 2.8696, "eval/valid_samples_per_second": 9.757, "eval/valid_steps_per_second": 4.879, "_wandb": {"runtime": 454}}