{"train/loss": 0.136, "train/grad_norm": 0.2065430714728729, "train/learning_rate": 1.8980068544616202e-11, "train/epoch": 15.0, "train/global_step": 797220, "_timestamp": 1741684866.9954078, "_runtime": 50181.09341478348, "_step": 621, "eval/valid_loss": 0.20210477709770203, "eval/valid_runtime": 0.2104, "eval/valid_samples_per_second": 494.308, "eval/valid_steps_per_second": 9.506, "train_runtime": 50157.066, "train_samples_per_second": 953.654, "train_steps_per_second": 15.894, "total_flos": 2.1038147238178587e+19, "train_loss": 0.035781491408964514, "_wandb": {"runtime": 50180}}