{"train/loss": 4.9153, "train/grad_norm": 0.0, "train/learning_rate": 4.575e-07, "train/epoch": 0.6535947712418301, "train/global_step": 200, "_timestamp": 1737419787.200717, "_runtime": 180.35572695732117, "_step": 1}