{"train/loss": 1.7399, "train/grad_norm": 1.2194653331334417, "train/learning_rate": 5.571428571428572e-05, "train/epoch": 0.2369281045751634, "train/global_step": 290, "_timestamp": 1737386847.4889913, "_runtime": 62.25079321861267, "_step": 30, "eval/valid_loss": 1.802734375, "eval/valid_runtime": 0.4564, "eval/valid_samples_per_second": 609.159, "eval/valid_steps_per_second": 19.721, "_wandb": {"runtime": 62}}