{"train/loss": 0.2413, "train/grad_norm": 0.17877323344571733, "train/learning_rate": 2.95178430365084e-11, "train/epoch": 15.0, "train/global_step": 741255, "_timestamp": 1742749472.2006893, "_runtime": 60256.26157236099, "_step": 2223, "eval/valid_loss": 0.2609891891479492, "eval/valid_runtime": 0.0662, "eval/valid_samples_per_second": 1587.143, "eval/valid_steps_per_second": 30.231, "train_runtime": 60228.5677, "train_samples_per_second": 738.433, "train_steps_per_second": 12.307, "total_flos": 1.0406996589234094e+19, "train_loss": 0.28709654151863034, "_wandb": {"runtime": 60255}}