{"train/loss": 0.0396, "train/grad_norm": 0.0534645048367632, "train/learning_rate": 9.66489656839017e-05, "train/epoch": 1.7658947311878497, "train/global_step": 789000, "_timestamp": 1739706663.7282465, "_runtime": 143922.82398033142, "_step": 2366, "eval/valid_loss": 0.03992069512605667, "eval/valid_runtime": 1.1505, "eval/valid_samples_per_second": 322.464, "eval/valid_steps_per_second": 13.907}