{"train/loss": 0.2797, "train/grad_norm": 0.22064226343087404, "train/learning_rate": 8.944138212614345e-06, "train/epoch": 48.434285714285714, "train/global_step": 1059500, "_timestamp": 1742504205.5741262, "_runtime": 89497.30804014206, "_step": 3177, "eval/valid_loss": 0.42336520552635193, "eval/valid_runtime": 0.0362, "eval/valid_samples_per_second": 2762.864, "eval/valid_steps_per_second": 27.629}