{"train/loss": 0.1174, "train/grad_norm": 0.07729014310608602, "train/learning_rate": 8.532802328828515e-05, "train/epoch": 3.81011515014676, "train/global_step": 202500, "_timestamp": 1741290383.040565, "_runtime": 143876.34944796562, "_step": 606, "eval/valid_loss": 0.16975615918636322, "eval/valid_runtime": 0.5283, "eval/valid_samples_per_second": 196.852, "eval/valid_steps_per_second": 3.786}