{"train/loss": 0.0626, "train/grad_norm": 0.27665969761575804, "train/learning_rate": 9.50316915477722e-05, "train/epoch": 2.1542125206188913, "train/global_step": 962500, "_timestamp": 1739822566.9139712, "_runtime": 86249.78056907654, "_step": 2886, "eval/valid_loss": 0.06271015852689743, "eval/valid_runtime": 0.6889, "eval/valid_samples_per_second": 538.515, "eval/valid_steps_per_second": 23.224}