{"train/loss": 0.1148, "train/grad_norm": 0.11191752571422682, "train/learning_rate": 1.8980068544616202e-11, "train/epoch": 15.0, "train/global_step": 797220, "_timestamp": 1741750332.9301682, "_runtime": 115647.03119206429, "_step": 1071, "eval/valid_loss": 0.1728501319885254, "eval/valid_runtime": 0.2721, "eval/valid_samples_per_second": 382.178, "eval/valid_steps_per_second": 7.35, "train_runtime": 115633.7737, "train_samples_per_second": 413.655, "train_steps_per_second": 6.894, "total_flos": 4.4770913226510565e+19, "train_loss": 0.05281612196897157, "_wandb": {"runtime": 115646}}