{"train/loss": 0.1226, "train/grad_norm": 0.10836021664995699, "train/learning_rate": 4.105985244171315e-05, "train/epoch": 8.391661022051629, "train/global_step": 446000, "_timestamp": 1741290413.9728615, "_runtime": 143928.51710152626, "_step": 1337, "eval/valid_loss": 0.17847251892089844, "eval/valid_runtime": 0.2699, "eval/valid_samples_per_second": 385.316, "eval/valid_steps_per_second": 7.41}