{"train/loss": 0.0316, "train/grad_norm": 0.039434199211414805, "train/learning_rate": 7.079625411773328e-05, "train/epoch": 5.469440150176679, "train/global_step": 792500, "_timestamp": 1739711365.8205657, "_runtime": 143928.4555428028, "_step": 2376, "eval/valid_loss": 0.03671667352318764, "eval/valid_runtime": 0.5071, "eval/valid_samples_per_second": 321.452, "eval/valid_steps_per_second": 13.805}