{"train/loss": 0.1536, "train/grad_norm": 0.1738196048429944, "train/learning_rate": 3.669734691125193e-11, "train/epoch": 15.0, "train/global_step": 328125, "_timestamp": 1739771565.705022, "_runtime": 34675.441663980484, "_step": 984, "eval/valid_loss": 0.1523948609828949, "eval/valid_runtime": 0.057, "eval/valid_samples_per_second": 1753.237, "eval/valid_steps_per_second": 17.532, "train_runtime": 34660.2324, "train_samples_per_second": 1211.763, "train_steps_per_second": 9.467, "total_flos": 8.71137017856e+17, "train_loss": 0.17019753559802828, "_wandb": {"runtime": 34675}}