{"train/loss": 0.1193, "train/grad_norm": 0.1804797301832859, "train/learning_rate": 3.669734691125193e-11, "train/epoch": 15.0, "train/global_step": 328125, "_timestamp": 1739771290.5815752, "_runtime": 34502.28809809685, "_step": 984, "eval/valid_loss": 0.11943293362855911, "eval/valid_runtime": 0.0584, "eval/valid_samples_per_second": 1711.29, "eval/valid_steps_per_second": 17.113, "train_runtime": 34489.2931, "train_samples_per_second": 1217.769, "train_steps_per_second": 9.514, "total_flos": 8.71137017856e+17, "train_loss": 0.13650247310674757, "_wandb": {"runtime": 34501}}