{"train/loss": 0.4633, "train/grad_norm": 3.1117554902118467, "train/learning_rate": 2.5e-05, "train/epoch": 0.045714285714285714, "train/global_step": 1000, "_timestamp": 1741059927.5737665, "_runtime": 266.3683695793152, "_step": 2, "eval/valid_loss": 0.40953388810157776, "eval/valid_runtime": 0.1898, "eval/valid_samples_per_second": 526.915, "eval/valid_steps_per_second": 5.269, "_wandb": {"runtime": 268}}