{"train/loss": 0.1637, "train/grad_norm": 0.20827408183324886, "train/learning_rate": 3.845981842602558e-06, "train/epoch": 4.3895503820863695, "train/global_step": 123500, "_timestamp": 1738248651.0913866, "_runtime": 57444.84635066986, "_step": 369, "eval/valid_loss": 0.1164257824420929, "eval/valid_runtime": 0.2045, "eval/valid_samples_per_second": 488.95, "eval/valid_steps_per_second": 4.889}