{"train/loss": 0.0981, "train/grad_norm": 0.04481174428615041, "train/learning_rate": 3.669734691125193e-11, "train/epoch": 15.0, "train/global_step": 328125, "_timestamp": 1739656628.0111527, "_runtime": 93783.08413863182, "_step": 984, "eval/valid_loss": 0.10167663544416428, "eval/valid_runtime": 0.1168, "eval/valid_samples_per_second": 855.869, "eval/valid_steps_per_second": 8.559, "train_runtime": 93769.8542, "train_samples_per_second": 447.905, "train_steps_per_second": 3.499, "total_flos": 9.827789398081536e+18, "train_loss": 0.1197529387032645, "_wandb": {"runtime": 93782}}