{"train/loss": 1.0388, "train/grad_norm": 5.5450223360706055, "train/learning_rate": 2.5e-05, "train/epoch": 0.002238142878565082, "train/global_step": 1000, "_timestamp": 1739561355.6249654, "_runtime": 211.9687304496765, "_step": 2, "eval/valid_loss": 0.9223793745040894, "eval/valid_runtime": 1.2524, "eval/valid_samples_per_second": 296.22, "eval/valid_steps_per_second": 12.775, "_wandb": {"runtime": 244}}