{"train/loss": 0.0817, "train/grad_norm": 0.09602705933537366, "train/learning_rate": 9.738092035060406e-05, "train/epoch": 1.5769931537102475, "train/global_step": 228500, "_timestamp": 1739445597.8108854, "_runtime": 143817.97623753548, "_step": 684, "eval/valid_loss": 0.07207579910755157, "eval/valid_runtime": 1.4867, "eval/valid_samples_per_second": 109.641, "eval/valid_steps_per_second": 4.709}