{"train/loss": 0.4169, "train/grad_norm": 0.5177581447053832, "train/learning_rate": 2.2343069695436813e-05, "train/epoch": 82.44571428571429, "train/global_step": 1803500, "_timestamp": 1742567111.2152727, "_runtime": 65177.34618759155, "_step": 5409, "eval/valid_loss": 0.41840577125549316, "eval/valid_runtime": 0.0208, "eval/valid_samples_per_second": 4819.211, "eval/valid_steps_per_second": 48.192}