{"train/loss": 1.6541, "train/grad_norm": 1.2470252642041564, "train/learning_rate": 9.918293236495689e-05, "train/epoch": 0.45751633986928103, "train/global_step": 280, "_timestamp": 1737388573.3893912, "_runtime": 82.27060914039612, "_step": 29, "eval/valid_loss": 1.74609375, "eval/valid_runtime": 0.4209, "eval/valid_samples_per_second": 660.567, "eval/valid_steps_per_second": 11.881, "_wandb": {"runtime": 83}}