{"train/loss": 0.3959, "train/grad_norm": 0.3545320606007015, "train/learning_rate": 3.669734691125193e-11, "train/epoch": 15.0, "train/global_step": 328125, "_timestamp": 1742374235.7976024, "_runtime": 20914.535481452942, "_step": 984, "eval/valid_loss": 0.40257519483566284, "eval/valid_runtime": 0.0295, "eval/valid_samples_per_second": 3388.926, "eval/valid_steps_per_second": 33.889, "train_runtime": 20897.6939, "train_samples_per_second": 2009.791, "train_steps_per_second": 15.701, "total_flos": 2.309071306752e+18, "train_loss": 0.45377192244466147, "_wandb": {"runtime": 20914}}