{"train/loss": 0.914, "train/grad_norm": 1.1979476579167898, "train/learning_rate": 7.500000000000001e-05, "train/epoch": 3.836317135549872, "train/global_step": 3000, "_timestamp": 1737428397.1295154, "_runtime": 1285.383929491043, "_step": 8, "eval/valid_loss": 0.8721874952316284, "eval/valid_runtime": 0.1966, "eval/valid_samples_per_second": 508.537, "eval/valid_steps_per_second": 5.085}