{"train/loss": 0.0305, "train/grad_norm": 0.01868915356436732, "train/learning_rate": 9.843336981350114e-05, "train/epoch": 1.2229093914109774, "train/global_step": 183500, "_timestamp": 1738733582.3518672, "_runtime": 57204.64534711838, "_step": 264, "eval/valid_loss": 0.03781959041953087, "eval/valid_runtime": 1.0543, "eval/valid_samples_per_second": 94.852, "eval/valid_steps_per_second": 4.743}