{"train/loss": 0.0413, "train/grad_norm": 0.03695480691225809, "train/learning_rate": 9.45630714824075e-05, "train/epoch": 2.25492895015432, "train/global_step": 1007500, "_timestamp": 1739475535.7536414, "_runtime": 143821.47037935257, "_step": 3021, "eval/valid_loss": 0.04178895056247711, "eval/valid_runtime": 0.9042, "eval/valid_samples_per_second": 410.287, "eval/valid_steps_per_second": 17.694}