{"train/loss": 0.2666, "train/grad_norm": 0.2464724486060682, "train/learning_rate": 2.95178430365084e-11, "train/epoch": 15.0, "train/global_step": 741255, "_timestamp": 1742398582.9141004, "_runtime": 45688.934935331345, "_step": 2223, "eval/valid_loss": 0.2775459885597229, "eval/valid_runtime": 0.0546, "eval/valid_samples_per_second": 1922.254, "eval/valid_steps_per_second": 36.614, "train_runtime": 45667.0195, "train_samples_per_second": 973.892, "train_steps_per_second": 16.232, "total_flos": 4.890316296295547e+18, "train_loss": 0.3127181105106769, "_wandb": {"runtime": 45688}}