{"train/loss": 0.0349, "train/grad_norm": 0.04080741586733775, "train/learning_rate": 9.95868618282201e-05, "train/epoch": 0.6397782102204569, "train/global_step": 96000, "_timestamp": 1738662749.4763026, "_runtime": 62239.1770966053, "_step": 287, "eval/valid_loss": 0.044123295694589615, "eval/valid_runtime": 1.0662, "eval/valid_samples_per_second": 93.788, "eval/valid_steps_per_second": 4.689}