{"train/loss": 1.8067, "train/grad_norm": 0.9457429780563271, "train/learning_rate": 5.428571428571428e-05, "train/epoch": 0.24509803921568626, "train/global_step": 150, "_timestamp": 1737388461.3848279, "_runtime": 56.81113076210022, "_step": 15, "eval/valid_loss": 1.8515625, "eval/valid_runtime": 0.3271, "eval/valid_samples_per_second": 849.88, "eval/valid_steps_per_second": 15.286, "_wandb": {"runtime": 57}}