{"train/loss": 0.313, "train/grad_norm": 0.15851715020590018, "train/learning_rate": 0.0, "train/epoch": 60.0, "train/global_step": 1312500, "_timestamp": 1742499291.1247509, "_runtime": 84506.17046189308, "_step": 3937, "eval/valid_loss": 0.3429229259490967, "eval/valid_runtime": 0.0305, "eval/valid_samples_per_second": 3274.242, "eval/valid_steps_per_second": 32.742, "train_runtime": 84488.1896, "train_samples_per_second": 1988.444, "train_steps_per_second": 15.535, "total_flos": 9.236285227008e+18, "train_loss": 0.3414678152669271, "_wandb": {"runtime": 84505}}