{"train/loss": 1.857, "train/grad_norm": 0.83203125, "train/learning_rate": 2.5e-05, "train/epoch": 0.01121491134612581, "train/global_step": 1000, "_timestamp": 1738164135.4832487, "_runtime": 852.0576496124268, "_step": 2, "eval/valid_loss": 1.7734375, "eval/valid_runtime": 0.2535, "eval/valid_samples_per_second": 394.474, "eval/valid_steps_per_second": 3.945, "_wandb": {"runtime": 909}}