{"train/loss": 0.2705, "train/grad_norm": 0.0879866007251084, "train/learning_rate": 2.017627513372586e-05, "train/epoch": 10.605714285714285, "train/global_step": 232000, "_timestamp": 1739377546.73965, "_runtime": 77133.03650307655, "_step": 695, "eval/valid_loss": 0.30091238021850586, "eval/valid_runtime": 0.1288, "eval/valid_samples_per_second": 776.68, "eval/valid_steps_per_second": 7.767}