{"train/loss": 0.249, "train/grad_norm": 0.14752781690290911, "train/learning_rate": 4.344138948443704e-05, "train/epoch": 32.549527490539695, "train/global_step": 1608500, "_timestamp": 1742788901.6887178, "_runtime": 99685.74963474274, "_step": 4824, "eval/valid_loss": 0.25870174169540405, "eval/valid_runtime": 0.0548, "eval/valid_samples_per_second": 1914.808, "eval/valid_steps_per_second": 36.473}