{"train/loss": 0.3704, "train/grad_norm": 0.2724485977772789, "train/learning_rate": 1.678053997106188e-09, "train/epoch": 5.0, "train/global_step": 113285, "_timestamp": 1738202785.4845772, "_runtime": 11579.222059249878, "_step": 339, "eval/valid_loss": 0.3448437452316284, "eval/valid_runtime": 0.0484, "eval/valid_samples_per_second": 2067.351, "eval/valid_steps_per_second": 20.674, "train_runtime": 11020.4844, "train_samples_per_second": 1315.732, "train_steps_per_second": 10.279, "total_flos": 1.6851845244361114e+18, "train_loss": 0.47368706070419736, "_wandb": {"runtime": 11579}}