{"train/loss": 0.2805, "train/grad_norm": 0.08973189921894194, "train/learning_rate": 2.0566646850876264e-05, "train/epoch": 10.56, "train/global_step": 231000, "_timestamp": 1739377551.077734, "_runtime": 77111.59373998642, "_step": 692, "eval/valid_loss": 0.31325459480285645, "eval/valid_runtime": 0.1272, "eval/valid_samples_per_second": 786.039, "eval/valid_steps_per_second": 7.86}