{"train/loss": 0.8108, "train/grad_norm": 14.8125, "train/learning_rate": 0.0, "train/epoch": 4.0, "train/global_step": 5000, "_timestamp": 1736984397.3358192, "_runtime": 1854.0837433338165, "_step": 550, "eval/valid_loss": 0.20344173908233643, "eval/valid_runtime": 0.1254, "eval/valid_samples_per_second": 79.725, "eval/valid_steps_per_second": 39.862, "train_runtime": 1842.9103, "train_samples_per_second": 21.705, "train_steps_per_second": 2.713, "total_flos": 8.051514430853837e+16, "train_loss": 0.896252435874939, "_wandb": {"runtime": 1853}}