{"train/loss": 0.0941, "train/grad_norm": 0.026705678180223145, "train/learning_rate": 7.472646878763062e-05, "train/epoch": 5.103448275862069, "train/global_step": 185000, "_timestamp": 1738857246.7935498, "_runtime": 86310.48988866806, "_step": 554, "eval/valid_loss": 0.09733384847640991, "eval/valid_runtime": 0.3278, "eval/valid_samples_per_second": 305.036, "eval/valid_steps_per_second": 6.101}