{"train/loss": 0.1403, "train/grad_norm": 0.2747056691162751, "train/learning_rate": 1.5482545054598046e-05, "train/epoch": 11.157522390306314, "train/global_step": 593000, "_timestamp": 1741983979.2587419, "_runtime": 836.8936519622803, "_step": 8, "eval/valid_loss": 0.20595449209213257, "eval/valid_runtime": 0.2138, "eval/valid_samples_per_second": 486.521, "eval/valid_steps_per_second": 9.356}