{"train/loss": 0.0278, "train/grad_norm": 0.022692076283635062, "train/learning_rate": 8.999445564139334e-05, "train/epoch": 3.0953235424028267, "train/global_step": 448500, "_timestamp": 1739647657.8571796, "_runtime": 143852.0355875492, "_step": 669, "eval/valid_loss": 0.03286430984735489, "eval/valid_runtime": 1.4777, "eval/valid_samples_per_second": 110.308, "eval/valid_steps_per_second": 4.737}