{"train/loss": 0.225, "train/grad_norm": 0.16706392144538768, "train/learning_rate": 7.097450800218619e-08, "train/epoch": 10.0, "train/global_step": 29940, "_timestamp": 1737442052.9019241, "_runtime": 13509.061944246292, "_step": 88, "eval/valid_loss": 0.21123257279396057, "eval/valid_runtime": 0.5924, "eval/valid_samples_per_second": 469.313, "eval/valid_steps_per_second": 5.065, "train_runtime": 12868.6221, "train_samples_per_second": 297.708, "train_steps_per_second": 2.327, "total_flos": 1.781504158948393e+18, "train_loss": 0.3821336031437876, "_wandb": {"runtime": 13508}}