{"train/loss": 0.9393, "train/grad_norm": 4.968143243150309, "train/learning_rate": 3.7500000000000003e-05, "train/epoch": 0.04285714285714286, "train/global_step": 1500, "_timestamp": 1739287421.0469873, "_runtime": 735.3049902915955, "_step": 3, "eval/valid_loss": 0.9798938035964966, "eval/valid_runtime": 0.3976, "eval/valid_samples_per_second": 251.482, "eval/valid_steps_per_second": 5.03}