{"train/loss": 0.5119, "train/grad_norm": 0.34319857373336177, "train/learning_rate": 1.7214919195619127e-06, "train/epoch": 10.0, "train/global_step": 7820, "_timestamp": 1737426394.2181637, "_runtime": 3383.717869758606, "_step": 22, "eval/valid_loss": 0.5078125, "eval/valid_runtime": 0.1974, "eval/valid_samples_per_second": 506.481, "eval/valid_steps_per_second": 5.065, "train_runtime": 3319.2902, "train_samples_per_second": 301.269, "train_steps_per_second": 2.356, "total_flos": 4.653093695048909e+17, "train_loss": 0.8313651394661126, "_wandb": {"runtime": 3383}}