{"train/loss": 0.2459, "train/grad_norm": 0.5463260601197106, "train/learning_rate": 1.8980068544616202e-11, "train/epoch": 15.0, "train/global_step": 797220, "_timestamp": 1741249280.1880424, "_runtime": 105496.79640436172, "_step": 2391, "eval/valid_loss": 0.3213827311992645, "eval/valid_runtime": 0.1445, "eval/valid_samples_per_second": 719.493, "eval/valid_steps_per_second": 13.836, "train_runtime": 103045.2989, "train_samples_per_second": 464.189, "train_steps_per_second": 7.737, "total_flos": 3.968501858795782e+18, "train_loss": 0.2907931556710273, "_wandb": {"runtime": 105496}}