{"train/loss": 2.0265, "train/grad_norm": 0.38202249013768896, "train/learning_rate": 1.25e-05, "train/epoch": 0.639386189258312, "train/global_step": 500, "_timestamp": 1737602351.9654253, "_runtime": 195.264630317688, "_step": 0, "_wandb": {"runtime": 243}}