{"train/loss": 0.3183, "train/grad_norm": 0.39377819144375226, "train/learning_rate": 7.989742193173566e-05, "train/epoch": 11.27450980392157, "train/global_step": 6900, "_timestamp": 1737389919.6250226, "_runtime": 1190.0227117538452, "_step": 81, "eval/valid_loss": 0.306640625, "eval/valid_runtime": 0.2617, "eval/valid_samples_per_second": 1062.143, "eval/valid_steps_per_second": 19.103}