{"train/loss": 0.4748, "train/grad_norm": 0.46869196731235585, "train/learning_rate": 3.669734691125193e-11, "train/epoch": 15.0, "train/global_step": 328125, "_timestamp": 1742359587.768787, "_runtime": 17399.280409812927, "_step": 984, "eval/valid_loss": 0.477332204580307, "eval/valid_runtime": 0.0302, "eval/valid_samples_per_second": 3311.467, "eval/valid_steps_per_second": 33.115, "train_runtime": 16768.3589, "train_samples_per_second": 2504.717, "train_steps_per_second": 19.568, "total_flos": 4.35568508928e+17, "train_loss": 0.5171763646182106, "_wandb": {"runtime": 17399}}