{"train/loss": 0.3101, "train/grad_norm": 0.15680037355567758, "train/learning_rate": 2.8029429797415623e-05, "train/epoch": 9.737142857142857, "train/global_step": 213000, "_timestamp": 1739414619.882136, "_runtime": 33235.81855201721, "_step": 638, "eval/valid_loss": 0.31340697407722473, "eval/valid_runtime": 0.0676, "eval/valid_samples_per_second": 1479.123, "eval/valid_steps_per_second": 14.791}