{"train/loss": 0.0748, "train/grad_norm": 0.03911851984434022, "train/learning_rate": 8.732959769219591e-05, "train/epoch": 3.5283562518331926, "train/global_step": 204500, "_timestamp": 1739444316.2381907, "_runtime": 143912.94168376923, "_step": 612, "eval/valid_loss": 0.06588759273290634, "eval/valid_runtime": 0.7835, "eval/valid_samples_per_second": 208.053, "eval/valid_steps_per_second": 3.829}