{"train/loss": 0.0924, "train/grad_norm": 0.024981296443921254, "train/learning_rate": 3.669734691125193e-11, "train/epoch": 15.0, "train/global_step": 328125, "_timestamp": 1739630388.276577, "_runtime": 67530.96467089653, "_step": 984, "eval/valid_loss": 0.09417884796857834, "eval/valid_runtime": 0.0899, "eval/valid_samples_per_second": 1111.849, "eval/valid_steps_per_second": 11.118, "train_runtime": 67526.5352, "train_samples_per_second": 621.978, "train_steps_per_second": 4.859, "total_flos": 4.618142613504e+18, "train_loss": 0.1056733914242699, "_wandb": {"runtime": 67530}}