{"train/loss": 0.0313, "train/grad_norm": 0.01034759532767367, "train/learning_rate": 9.910280808269509e-05, "train/epoch": 0.9142813658938359, "train/global_step": 408500, "_timestamp": 1739647401.6753633, "_runtime": 143831.0029141903, "_step": 654, "eval/valid_loss": 0.03138139098882675, "eval/valid_runtime": 3.4083, "eval/valid_samples_per_second": 108.853, "eval/valid_steps_per_second": 4.694}