{"train/loss": 0.4822, "train/grad_norm": 0.3386350329119825, "train/learning_rate": 2.0027310073833518e-09, "train/epoch": 50.0, "train/global_step": 39100, "_timestamp": 1737609282.1333966, "_runtime": 6832.128353595734, "_step": 117, "eval/valid_loss": 0.5607812404632568, "eval/valid_runtime": 0.0866, "eval/valid_samples_per_second": 1154.228, "eval/valid_steps_per_second": 11.542, "train_runtime": 6827.6444, "train_samples_per_second": 732.317, "train_steps_per_second": 5.727, "total_flos": 5.816367118811136e+17, "train_loss": 0.6036281669597187, "_wandb": {"runtime": 6831}}