{"train/loss": 0.032, "train/grad_norm": 0.011821351085289426, "train/learning_rate": 9.49306663632508e-05, "train/epoch": 2.1877797672336614, "train/global_step": 391000, "_timestamp": 1739647342.4975324, "_runtime": 143690.24318432808, "_step": 587, "eval/valid_loss": 0.03245636820793152, "eval/valid_runtime": 1.8455, "eval/valid_samples_per_second": 201.027, "eval/valid_steps_per_second": 3.793}