{"train/loss": 0.422, "train/grad_norm": 0.33071097180924897, "train/learning_rate": 2.0027310073833518e-09, "train/epoch": 50.0, "train/global_step": 39100, "_timestamp": 1737432329.8637733, "_runtime": 3773.878744363785, "_step": 117, "eval/valid_loss": 0.5, "eval/valid_runtime": 0.0482, "eval/valid_samples_per_second": 2073.606, "eval/valid_steps_per_second": 20.736, "train_runtime": 3748.0223, "train_samples_per_second": 1334.037, "train_steps_per_second": 10.432, "total_flos": 5.816367118811136e+17, "train_loss": 0.5300662613890665, "_wandb": {"runtime": 3773}}