{"train/loss": 0.0403, "train/grad_norm": 0.025308249900497327, "train/learning_rate": 9.8749005855132e-05, "train/epoch": 1.0910922112802148, "train/global_step": 195000, "_timestamp": 1739444062.145106, "_runtime": 143671.9622821808, "_step": 584, "eval/valid_loss": 0.041089966893196106, "eval/valid_runtime": 1.8532, "eval/valid_samples_per_second": 200.192, "eval/valid_steps_per_second": 3.777}