{"train/loss": 0.1403, "train/grad_norm": 0.20242672288239524, "train/learning_rate": 1.4913826615937149e-05, "train/epoch": 11.232783924136374, "train/global_step": 597000, "_timestamp": 1741290374.553927, "_runtime": 143908.27278995514, "_step": 1790, "eval/valid_loss": 0.2060229629278183, "eval/valid_runtime": 0.212, "eval/valid_samples_per_second": 490.596, "eval/valid_steps_per_second": 9.435}