{"train/loss": 1.4415, "train/grad_norm": 10.46684445788371, "train/learning_rate": 2.5e-05, "train/epoch": 0.008571404081702623, "train/global_step": 1000, "_timestamp": 1739381285.3969657, "_runtime": 124.38654470443726, "_step": 2, "eval/valid_loss": 1.2900067567825317, "eval/valid_runtime": 0.0765, "eval/valid_samples_per_second": 1306.954, "eval/valid_steps_per_second": 65.348}