{"train/loss": 0.0291, "train/grad_norm": 0.013008067031945127, "train/learning_rate": 9.660659532018173e-05, "train/epoch": 1.792711859888572, "train/global_step": 269000, "_timestamp": 1738791596.066628, "_runtime": 57482.8633480072, "_step": 266, "eval/valid_loss": 0.035826150327920914, "eval/valid_runtime": 1.0605, "eval/valid_samples_per_second": 94.294, "eval/valid_steps_per_second": 4.715}