{"train/loss": 4.9153, "train/grad_norm": 0.0, "train/learning_rate": 4.575e-07, "train/epoch": 0.6535947712418301, "train/global_step": 200, "_timestamp": 1737419776.8063085, "_runtime": 178.288649559021, "_step": 1}