{"train/loss": 0.2733, "train/grad_norm": 0.23031788571729891, "train/learning_rate": 8.308285049062983e-05, "train/epoch": 3.6740146960587845, "train/global_step": 11000, "_timestamp": 1737426931.8701262, "_runtime": 5597.108421325684, "_step": 32, "eval/valid_loss": 0.2548757791519165, "eval/valid_runtime": 0.6029, "eval/valid_samples_per_second": 461.09, "eval/valid_steps_per_second": 4.976}