{"train/loss": 1.888, "train/grad_norm": 6.940055187057277, "train/learning_rate": 1.25e-05, "train/epoch": 0.014285714285714285, "train/global_step": 500, "_timestamp": 1739299121.606699, "_runtime": 136.62071704864502, "_step": 0, "_wandb": {"runtime": 208}}