{"train/loss": 0.0455, "train/grad_norm": 0.13671647180634602, "train/learning_rate": 6.0260319543502263e-05, "train/epoch": 6.528820671378092, "train/global_step": 946000, "_timestamp": 1739823099.59533, "_runtime": 86367.01316690445, "_step": 2837, "eval/valid_loss": 0.05712733417749405, "eval/valid_runtime": 0.3125, "eval/valid_samples_per_second": 521.662, "eval/valid_steps_per_second": 22.403}